Snack Name,Ingredients,Allergy,Price
Jack Link's Original Beef Steak Stick - 1 oz/12 pack,"BEEF, WATER, SALT, LESS THAN 2% BROWN SUGAR, SPICES, MONOSODIUM GLUTAMATE, SUGAR, FLAVORINGS, SODIUM NITRITE.",,$18.75
Jack Link's Teriyaki Beef Steak - 1 oz/12 pack,"BEEF, BROWN SUGAR, FRUCTOSE, WATER, CONTAINS 2% OR LESS OF SALT, HYDROLYZED SOY PROTEIN, FLAVORINGS, PINEAPPLE JUICE SOLIDS, TERIYAKI SAUCE SOLIDS (SOY SAUCE [SOYBEANS, SALT, WHEAT], SAKE, APPLE CIDER VINEGAR, GARLIC, MUSTARD, GINGER, BLACK AND WHITE PEPPER, MODIFIED FOOD STARCH, MALTODEXTRIN, SUCROSE, FRUCTOSE), ORANGE JUICE SOLIDS, SHERRY WINE SOLIDS, SODIUM ERYTHORBATE, SODIUM NITRITE.",Wheat; Soy/Soybeans,$18.75
Jack Link's Original Beef Steak Jumbo - 2 oz/12 pack,"BEEF, WATER, SALT, LESS THAN 2% BROWN SUGAR, SPICES, MONOSODIUM GLUTAMATE, SUGAR, FLAVORINGS, SODIUM NITRITE.",,$30.75
Jack Link's Original Beef Jerky - 2.85 oz/12 pack,"BEEF, WATER, SUGAR, BROWN SUGAR, CONTAINS 2% OR LESS OF SALT, VINEGAR, BEEF STOCK, FLAVORS, SOY SAUCE (WHEAT, SOYBEANS, SALT), HYDROLYZED CORN PROTEIN, YEAST EXTRACT, MALTODEXTRIN, CITRIC ACID, CHERRY EXTRACT, BROMELAIN (FROM PINEAPPLE).",Wheat; Soy/Soybeans,$74.10
Jack Link's Wild Hot Squatch Sticks - 1 oz/20 pack ,"BEEF AND PORK, MECHANICALLY SEPARATED CHICKEN, WATER, CONTAINS 2% OR LESS OF FLAVORS, SALT, SOY PROTEIN ISOLATE, CORN SYRUP, RICE BRAN, DEXTROSE, FRUCTOSE, REFINERS SYRUP, SMOKE FLAVOR, HYDROLYZED SOY PROTEIN, MOLASSES, PAPRIKA, PAPRIKA EXTRACT, LACTIC ACID STARTER CULTURE, SODIUM NITRITE, SAFFLOWER OIL, COLORS (CARAMEL, RED 3, ANNATTO).",Soy/Soybeans,$20.75
Jack Link's Peppered Beef Jerky - 2.85 oz/8 pack,"BEEF, WATER, SUGAR, SALT, CONTAINS 2% OR LESS OF BROWN SUGAR, BLACK PEPPER, VINEGAR, BEEF STOCK, FLAVORS, SOY SAUCE (WHEAT, SOYBEANS, SALT), YEAST EXTRACT, HYDROLYZED CORN PROTEIN, MALTODEXTRIN, CITRIC ACID, BROMELAIN (FROM PINEAPPLE).",Wheat; Soy/Soybeans,$49.40
Jack Link's Sweet & Hot Beef Jerky - 2.85 oz/8 pack,"BEEF, WATER, SUGAR, BROWN SUGAR. CONTAINS 2% OR LESS OF SALT, FLAVORS, VINEGAR, BEEF STOCK, YEAST EXTRACT, CITRIC ACID, BROMELAIN (FROM PINEAPPLE).",,$49.40
Jack Link's Original Beef Jerky 110 Calories - 1.25 oz/10 pack,"BEEF, WATER, SUGAR, SALT, LESS THAN 2% SOY SAUCE [(WHEAT, SOYBEANS, SALT), MALTODEXTRIN], FLAVORINGS, HYDROLYZED CORN PROTEIN, YEAST EXTRACT, CITRIC ACID.",Wheat; Soy/Soybeans,$29.63
Jack Link's Teriyaki Beef Jerky 110 Calories - 1.25 oz/10 pack,"BEEF, WATER, SUGAR, LESS THAN 2% SOY SAUCE [(WHEAT, SOYBEANS, SALT), MALTODEXTRIN], FLAVORINGS, SALT, YEAST EXTRACT, CITRIC ACID.",Wheat; Soy/Soybeans,$29.63
Cattleman's Cut Original Beef Jerky - 10 ct/6 pack,"BEEF, SUGAR, BROWN SUGAR, WATER, SALT, VINEGAR, NATURAL SMOKE FLAVOR, SPICES AND NATURAL FLAVORINGS, BEEF STOCK, SODIUM NITRITE.",,$88.20
Oberto Original Snack Sticks - 5 oz/6 pack,"PORK, WATER, SALT, SUGAR, SPICES AND NATURAL FLAVORINGS, ENCAPSULATED CITRIC ACID, NATURAL SMOKE FLAVOR, MALT EXTRACT, PAPRIKA EXTRACT.",,$35.10
Slim Jim Original - .97 oz/24 pack,,,$30.34
Slim Jim Original - .28 oz/20 pack,,,$37.84
Slim Jim Beef & Cheese 1.5 oz/18 pack,"BEEF STICK: BEEF, SALT, WATER, CONTAINS LESS THAN 2% OF: CORN SYRUP, DEXTROSE, SPICES, NATURAL SMOKE FLAVOR, NATURAL FLAVOR, SODIUM ERYTHORBATE, HYDROLYZED SOY PROTEIN, LACTIC ACID STARTER CULTURE, SODIUM NITRITE. PASTEURIZED PROCESS CHEDDAR CHEESE STICK: PASTEURIZED PROCESS CHEDDAR CHEESE (CULTURED PASTEURIZED MILK, WATER, SALT, SODIUM PHOSPHATE, NATURAL FLAVORING, SORBIC ACID [PRESERVATIVE], COLOR [PAPRIKA AND TURMERIC EXTRACT], ENZYMES). CONTAINS MILK, SOY.",Dairy; Soy/Soybeans,$32.97
Slim Jim Original Monster Size - 1.94 oz/18 pack,"BEEF, PORK, MECHANICALLY SEPARATED CHICKEN, WATER, TEXTURED SOY FLOUR, CORN SYRUP, SALT, CONTAINS LESS THAN 2% OF: NATURAL FLAVORS, DEXTROSE, PAPRIKA AND EXTRACTIVES OF PAPRIKA, HYDROLYZED SOY PROTEIN, MALTODEXTRIN, LACTIC ACID STARTER CULTURE, BARLEY MALT EXTRACT, CITRIC ACID, SOY LECITHIN, SODIUM NITRITE. CONTAINS: SOY.",Soy/Soybeans,$41.97
Slim Jim Giant Original - .97 oz/24 pack,"BEEF, PORK, MECHANICALLY SEPARATED CHICKEN, WATER, TEXTURED SOY FLOUR, CORN SYRUP, SALT, CONTAINS LESS THAN 2% OF: NATURAL FLAVORS, DEXTROSE, PAPRIKA, HYDROLYZED SOY PROTEIN, LACTIC ACID STARTER CULTURE, CARAMEL COLOR, MALT EXTRACT, WHEAT FLOUR, SODIUM NITRITE, CITRIC ACID, SOY LECITHIN, EXTRACTIVES OF PAPRIKA. CONTAINS: SOY, WHEAT.",Wheat; Soy/Soybeans,$30.34
Epic Pork Rinds Sea Salt & Pepper - 2.5 oz/12 pack,"FRIED PORK SKINS, SALT, BLACK PEPPER, SEA SALT, ONION POWDER, GARLIC POWDER",,$42.13
Duke's Smoked Shorty Sausages Hatch Green Chile - 5 oz/8 pack,"PORK, DICED HATCH GREEN CHILES, SEA SALT, CANE SUGAR, SPICES, NATURAL FLAVOR, YEAST EXTRACT, DRIED GARLIC, VINEGAR, DRIED JALAPENO PEPPER, DRIED GREEN BELL PEPPER, CITRIC ACID.",,$52.06
Duke's Smoked Shorty Sausages Hickory Peach BBQ - 5 oz/8 pack,"PORK, PEACHES, CANE SUGAR, SEA SALT, SPICES, BROWN CANE SUGAR, NATURAL FLAVOR, DRIED TOMATO, VINEGAR, DRIED ONION, YEAST EXTRACT, CITRIC ACID, DRIED GARLIC. MADE WITH BEEF COLLAGEN CASINO (CARAMEL, CARMINE).",,$52.06
Turkey Bites Honey Brown Sugar Turkey Sausage - 4 oz/12 pack,,,$35.10
Clif Cool Mint Chocolate Bar - 2.4 oz/12 pack,"Organic Rolled Oats, Organic Brown Rice Syrup, Soy Rice Crisps (Soy Protein Isolate, Rice Flour, Barley Malt Extract), Organic Roasted Soybeans, Organic Tapioca Syrup, Organic Cane Syrup, Chicory Fiber, Cocoa, Unsweetened Chocolate, Organic Soy Flour, Sunflower and/or Soybean Oil Organic Cane Sugar, Natural Flavors, Organic Cocoa Butter, Salt, Green Tea Extract (Contains Caffeine), Organic Soy Lecithin, Mixed Tocopherols (Antioxidant).",Milk; Wheat; Soy/Soybeans,$19.05
Clif White Chocolate Macadamia Nut Bar - 2.4 oz/12 pack,"Organic Rolled Oats, Organic Brown Rice Syrup, Organic Roasted Soybeans, Soy Rice Crisps (Soy Protein Isolate, Rice Flour, Barley Malt Extract), Organic Tapioca Syrup, Organic Cane Syrup, Macadamia Nuts, Chicory Fiber, Organic Soy Flour, Sunflower and/or Soybean Oil, Organic Cane Sugar, Cane Sugar, Natural Flavors, Salt, Cocoa Butter, Soy Flour, Mixed Tocopherols (Antioxidant), Soy Lecithin.",Milk; Tree Nuts; Wheat; Soy/Soybeans,$19.05
Clif Chocolate Brownie Bar - 2.4 oz/12 pack,"Organic Rolled Cars, Organic Brown Rice Syrup, Soy Rice Crisps (Soy Protein Isolate, Rice Flour, Barley Malt Extract, Organic Roasted Soybeans, Organic Tapioca Syrup, Organic Cane Syrup, Chicory Fiber, Unsweetened Chocolate, Cocoa, Organic Soy Flour, Sunflower and/or Soybean Oil Natural Flavors, Alkalized Cocoa, Salt, Mixed Tocopherols (Antioxidant).",Milk; Wheat; Soy/Soybeans,$19.05
Clif Nut Butter Filled Chocolate Peanut Butter Bar - 1.76 oz/12 pack,"Peanut Butter (Organic Ingredient), Rolled Oats (Organic Ingredient), Oat Flour, Brown Rice Syrup, Cane Syrup (Organic Ingredient), Date Paste, Pea Protein, Sunflower and/or Soybean Oil (Organic Ingredient), Rice Starch, Tapioca Syrup (Organic Ingredient), Palm Oil (Organic Ingredient), Peanut Flour, Cane Sugar (Organic Ingredient), Rice Flour (Organic Ingredient), Vegetable Glycerin, Unsweetened Chocolate, Cocoa, Natural Flavors, Salt, Alkalized Cocoa, Soy Lecithin, Mixed Tocopherols (Antioxidant).",Milk; Tree Nuts; Wheat; Peanuts/ Peanut Oil; Soy/Soybeans,$24.24
Clif Nut Butter Filled Peanut Butter Bar - 1.76 oz/12 pack,"Peanut Butter (Organic Ingredient), Oat Flour (Organic Ingredient), Rolled Oats (Organic Ingredient), Brown Rice Syrup (Organic Ingredient), Date Paste (Organic Ingredient), Cane Syrup (Organic Ingredient), Pea Protein (Organic Ingredient), Tapioca Syrup (Organic Ingredient), Rice Starch (Organic Ingredient), Sunflower and/or Soybean Oil (Organic Ingredient), Palm Oil (Organic Ingredient), Peanut Flour (Organic Ingredient), Cane Sugar (Organic Ingredient), Rice Flour (Organic Ingredient), Natural Flavors, Peanuts (Organic Ingredient), Vegetable Glycerin, Salt, Soy Lecithin (Organic Ingredient), Mixed Tocopherols (Antioxidant).",Milk; Tree Nuts; Wheat; Peanuts/ Peanut Oil; Soy/Soybeans,$24.24
KIND Dark Chocolate Nuts & Sea Salt Bar - 1.4 oz/12 pack,"ALMONDS, PEANUTS, CHICORY ROOT FIBER, HONEY, PALM KERNEL OIL, SUGAR, GLUCOSE SYRUP, RICE FLOUR, UNSWEETENED CHOCOLATE, COCOA POWDER, SEA SALT, SOY LECITHIN, NATURAL FLAVOR, COCOA BUTTER.",Tree Nuts; Peanuts/ Peanut Oil; Soy/Soybeans,$19.35
KIND Oats & Honey With Toasted Coconut Granola Bar - 1.2 oz/12 pack,"OATS, CANE SUGAR, TAPIOCA SYRUP, CANOLA OIL, BROWN RICE, MILLET, HONEY, COCONUT, BUCKWHEAT, BROWN RICE FLOUR, AMARANTH, OAT FLOUR, GUM ACACIA, SEA SALT, QUINOA, BROWN RICE SYRUP, VITAMIN E (TOCOPHEROLS TO MAINTAIN FRESHNESS).",Tree Nuts,$9.45
KIND Dark Chocolate Almond Mint Bar - 1.4 oz/12 pack,"ALMONDS, CASHEWS, DARK CHOCOLATE FLAVORED COATING (PALM KERNAL OIL, CHICORY ROOT FIBER, SUGAR, COCOA POWDER, SOY LECITHIN, NATURAL FLAVOR, SALT, PEPPERMINT OIL), CHICORY ROOT FIBER, HONEY, GLUCOSE SYRUP, RICE FLOUR, UNSWEETENED CHOCOLATE, MADAGASCAR VANILLA, SOY LECITHIN, PEPPERMINT EXTRACT, SUGAR, SEA SALT, PEPPERMINT LEAVES.",Tree Nuts; Soy/Soybeans,$19.35
KIND Protein Crunchy Peanut Butter Bar - 1.76 oz/12 pack,"PEANUTS, CHICORY ROOT FIBER, SOY PROTEIN ISOLATE, HONEY, GLUCOSE SYRUP, SUGAR, PALM KERNEL OIL, PEANUT FLOUR, NONFAT MILK POWDER, SALT, SOY LECITHIN, PEANUT OIL.",Milk; Peanuts/ Peanut Oil; Soy/Soybeans,$22.65
Nature Valley Protein Peanut Butter Dark Chocolate Bar - 1.42 oz/16 pack,"ROASTED PEANUTS, SOY PROTEIN ISOLATE, CHICORY ROOT EXTRACT, SEMISWEET CHOCOLATE CHIPS (SUGAR, CHOCOLATE LIQUOR, COCOA BUTTER, SOY LECITHIN, NATURAL FLAVOR), VEGETABLE OILS (PALM KERNEL, PALM, CANOLA, PEANUT), SUGAR, CORN SYRUP, WHEY PROTEIN CONCENTRATE, FRUCTOSE, PEANUT BUTTER (PEANUTS, SALT), COCOA, VEGETABLE GLYCERIN, RICE STARCH, SOY LECITHIN, SALT, CORN STARCH, NATURAL FLAVOR.",Milk; Peanuts/ Peanut Oil; Soy/Soybeans,$26.88
Nature Valley Crunchy Peanut Butter Granola Bar - 1.5 oz/18 pack,"WHOLE GRAIN OATS, SUGAR, CANOLA OIL, PEANUT BUTTER (PEANUTS, SALT), RICE FLOUR, BROWN SUGAR SYRUP, SALT, BAKING SODA, SOY LECITHIN.",Tree Nuts; Peanuts/ Peanut Oil; Soy/Soybeans,$14.96
Nature Valley Sweet & Salty Nut Peanut Granola Bar 1.2 oz/16 pack,"ROASTED PEANUTS, CORN SYRUP, SUGAR, WHOLE GRAIN OATS, PALM KERNEL OIL, RICE FLOUR, WHOLE GRAIN WHEAT, VEGETABLE GLYCERIN, WHEY, PEANUT BUTTER (PEANUTS, SALT), FRUCTOSE, CANOLA OIL, SALT, SOY LECITHIN, PEANUT FLOUR, CORN STARCH, BARLEY MALT EXTRACT, HONEY ROASTED ALMOND BUTTER (ALMONDS, HONEY, MALTODEXTRIN, PALM OIL, MIXED TOCOPHEROLS), BAKING SODA, NATURAL FLAVOR, VITAMIN E (MIXED TOCOPHEROLS) ADDED TO RETAIN FRESHNESS.",Milk; Tree Nuts; Wheat; Peanuts/ Peanut Oil; Soy/Soybeans,$13.24
Nature Valley Sweet & Salty Nut Almond Granola Bar 1.2 oz/16 pack,"ALMONDS, CORN SYRUP, WHOLE GRAIN OATS, SUGAR, RICE FLOUR, PALM KERNEL OIL, WHOLE GRAIN WHEAT, VEGETABLE GLYCERIN, HONEY ROASTED ALMOND BUTTER (ALMONDS, HONEY, MALTODEXTRIN, PALM OIL, MIXED TOCOPHEROLS), WHEY, FRUCTOSE, CANOLA OIL, SALT, SOY LECITHIN, CORN STARCH, BARLEY MALT EXTRACT, BAKING SODA, NATURAL FLAVOR, VITAMIN E (MIXED TOCOPHEROLS) ADDED TO RETAIN FRESHNESS.",Milk; Tree Nuts; Wheat; Peanuts/ Peanut Oil; Soy/Soybeans,$13.24
Nature Valley Biscuits with Almond Butter - 1.35 oz/16 pack,"WHOLE GRAIN OATS, SUGAR, HONEY ROASTED ALMOND BUTTER (ALMONDS, HONEY, MALTODEXTRIN, PALM OIL, MIXED TOCOPHEROLS), PALM OIL, CANOLA OIL, WHOLE GRAIN BARLEY FLAKES, TAPIOCA SYRUP, BUTTER, HONEY, CORN STARCH, CINNAMON, SALT, BAKING SODA, NATURAL FLAVOR, OIL OF ROSEMARY.",Milk; Tree Nuts; Wheat; Peanuts/ Peanut Oil; Egg; Soy/Soybeans,$20.05
Special K Protein Meal Bars Strawberry - 1.59 oz/8 pack,"SOY PROTEIN ISOLATE, SUGAR, SOLUBLE CORN FIBER, VEGETABLE OIL (PALM KERNEL AND PALM OIL, SOYBEAN AND PALM OIL WITH TBHQ FOR FRESHNESS), STRAWBERRY FLAVORED FRUIT PIECES (SUGAR, CRANBERRIES, CITRIC ACID, NATURAL STRAWBERRY FLAVOR WITH OTHER NATURAL FLAVORS, ELDERBERRY JUICE CONCENTRATE FOR COLOR, SUNFLOWER OIL), CORN SYRUP, FRUCTOSE, INULIN, MILK PROTEIN ISOLATE, CONTAINS 2% OR LESS OF DEXTROSE, WATER, NONFAT YOGURT POWDER (CULTURED WHEY PROTEIN CONCENTRATE, CULTURED SKIM MILK, YOGURT CULTURES, HEAT-TREATED AFTER CULTURING), GLYCERIN, COLOR ADDED, SORBITOL, SOY LECITHIN, NATURAL AND ARTIFICIAL FLAVOR, SALT, CITRIC ACID, STRAWBERRY JUICE CONCENTRATE, XANTHAN GUM, BHT FOR FRESHNESS, PARTIALLY DEFATTED PEANUT FLOUR, ALMOND FLOUR, WHEAT STARCH. VITAMINS AND MINERALS: CALCIUM CARBONATE, VITAMIN C (ASCORBIC ACID), VITAMIN E (ALPHA TOCOPHEROL ACETATE), NIACINAMIDE, ZINC OXIDE, REDUCED IRON, VITAMIN B6 (PYRIDOXINE HYDROCHLORIDE), VITAMIN A PALMITATE, VITAMIN B2 (RIBOFLAVIN), VITAMIN B1 (THIAMIN HYDROCHLORIDE), VITAMIN B12, FOLIC ACID, VITAMIN D3.",Milk; Tree Nuts; Wheat; Peanuts/ Peanut Oil; Soy/Soybeans,$13.17
Special K Protein Meal Bars Chocolate Peanut Butter - 1.59 oz/8 pack,"SOY PROTEIN ISOLATE, SUGAR, SOLUBLE CORN FIBER, VEGETABLE OIL (PALM AND PALM KERNEL OIL WITH SORBITAN TRISTEARATE, SOYBEAN AND PALM OIL WITH TBHQ FOR FRESHNESS), PEANUT BUTTER (PEANUTS), FRUCTOSE, INULIN, CORN SYRUP, DEXTROSE, COCOA PROCESSED WITH ALKALI, RICE, WHOLE GRAIN WHEAT, WATER, CONTAINS 2% OR LESS OF VEGETABLE GLYCERIN, SORBITOL, SALT, WHEAT BRAN, PEANUT OIL, NATURAL FLAVORS, SOLUBLE WHEAT FIBER, WHEY, SOY LECITHIN, MALT FLAVOR, SESAME SEED OIL, BHT FOR FRESHNESS, ALMOND FLOUR.***VITAMINS AND MINERALS: CALCIUM CARBONATE, VITAMIN C (ASCORBIC ACID), VITAMIN E (ALPHA TOCOPHEROL ACETATE), NIACINAMIDE, ZINC OXIDE, REDUCED IRON, VITAMIN B6 (PYRIDOXINE HYDROCHLORIDE), VITAMIN B1 (THIAMIN HYDROCHLORIDE, THIAMIN MONONITRATE), VITAMIN B2 (RIBOFLAVIN), VITAMIN A PALMITATE, VITAMIN B12, FOLIC ACID, VITAMIN D3.",Milk; Tree Nuts; Wheat; Peanuts/ Peanut Oil; Soy/Soybeans,$13.17
Special K Pastry Crisps Strawberry - .88 oz/9 pack,"ENRICHED FLOUR (WHEAT FLOUR, NIACIN, REDUCED IRON, THIAMIN MONONITRATE [VITAMIN B1], RIBOFLAVIN [VITAMIN B2], FOLIC ACID), SUGAR, FRUCTOSE, GLYCEROL, VEGETABLE OIL (SOYBEAN, PALM, AND PALM KERNEL OIL WITH TBHQ FOR FRESHNESS), DEXTROSE, MALTODEXTRIN, CONTAINS TWO PERCENT OR LESS OF MODIFIED CORN STARCH, NONFAT DRY MILK, APPLE POWDER, STRAWBERRY PUREE CONCENTRATE, REDUCED MINERAL WHEY, INVERT SUGAR, CORNSTARCH, SOY LECITHIN, LEAVENING (BAKING SODA, MONOCALCIUM PHOSPHATE, SODIUM ACID PYROPHOSPHATE), SALT, DATEM, CELLULOSE GEL, NATURAL AND ARTIFICIAL FLAVOR, CITRIC ACID, MONO- AND DIGLYCERIDES, CELLULOSE GUM, SODIUM CITRATE, MALIC ACID, COLOR ADDED, SODIUM ALGINATE, CARAMEL COLOR, XANTHAN GUM, TRICALCIUM PHOSPHATE, RED #40, VANILLA EXTRACT, BHT FOR FRESHNESS.",Milk; Wheat; Soy/Soybeans,$6.70
Think! High Protein Bar Brownie Crunch - 2.1 oz/10 pack,"PROTEIN BLEND (SOY PROTEIN ISOLATE, CALCIUM CASEINATE, WHEY PROTEIN ISOLATE), MALTITOL SYRUP, VEGETABLE GLYCERIN, WATER, ALMOND BUTTER, COCOA BUTTER, ALKALIZED COCOA, CHOCOLATE, SUNFLOWER OIL, LECITHIN, SODIUM CASEINATE, NATURAL FLAVOR, TAPIOCA STARCH, MILK FAT, SALT.",Milk; Tree Nuts; Soy/Soybeans,$20.63
Think! Protein+ 150 Calorie Bar Cupcake Batter - 1.4 oz/10 pack,"PROTEIN BLEND (SOY PROTEIN ISOLATE, WHEY PROTEIN ISOLATE, CALCIUM CASEINATE), CHICORY ROOT FIBER, VEGETABLE GLYCERIN, SUGAR, ALMOND BUTTER, BROWN RICE SYRUP, PALM KERNEL OIL, SUNFLOWER OIL, NATURAL FLAVOR, WATER, CULTURED NONFAT DRY MILK, SALT, LECITHIN.",Milk; Tree Nuts; Soy/Soybeans,$14.25
Clif Bloks Energy Chews Strawberry - 2.1 oz/18 pack,"Tapioca Syrup (Organic Ingredient), Cane Sugar (Organic Ingredient), Maltodextrin (Organic Ingredient), Pectin, Citric Acid, Natural Flavor, Black Carrot Juice Concentrate (for Color) (Organic Ingredient), Potassium Citrate, Sea Salt, Sunflower Oil (Organic Ingredient), Carnauba Wax (Organic Ingredient).",,$43.20
Chips Ahoy! Chunky King Size 8 count - 4.15 oz/8 pack,"UNBLEACHED ENRICHED FLOUR (WHEAT FLOUR, NIACIN, REDUCED IRON, THIAMINE MONONITRATE {VITAMIN B1}, RIBOFLAVIN {VITAMIN B2}, FOLIC ACID), SEMISWEET CHOCOLATE CHUNKS (SUGAR, CHOCOLATE, DEXTROSE, COCOA BUTTER, MILK, SOY LECITHIN), VEGETABLE OIL (SOYBEAN AND/OR CANOLA AND/OR PALM AND/OR PARTIALLY HYDROGENATED COTTONSEED OIL), SUGAR, SEMISWEET CHOCOLATE CHIPS (SUGAR, CHOCOLATE, COCOA BUTTER, DEXTROSE, MILK, SOY LECITHIN), LEAVENING (BAKING SODA, AMMONIUM PHOSPHATE), MOLASSES, HIGH FRUCTOSE CORN SYRUP, WHEY, SALT, SOY LECITHIN, CARAMEL COLOR, ARTIFICIAL FLAVOR.",Milk; Wheat; Soy/Soybeans,$13.10
Annie's Snack Mix Cheddar - 2.5 oz/12 pack,"ORGANIC WHEAT FLOUR, ORGANIC EXPELLER-PRESSED VEGETABLE OIL (ORGANIC SUNFLOWER AND/OR ORGANIC CANOLA OIL), ORGANIC WHOLE WHEAT FLOUR, ORGANIC DRIED CHEDDAR CHEESE (ORGANIC CULTURED PASTEURIZED MILK, SALT, ENZYMES), ORGANIC WHEY, SALT, ORGANIC CHEDDAR CHEESE (ORGANIC PASTEURIZED MILK, CHEESE CULTURES, SEA SALT, ENZYMES), ORGANIC NONFAT MILK, ORGANIC CANE SUGAR, YEAST, ORGANIC CREAM, ORGANIC MALT SYRUP BLEND (TAPIOCA SYRUP, MALT EXTRACT), ORGANIC BARLEY MALT EXTRACT, BAKING SODA, ORGANIC ANNATTO (FOR COLOR), ORGANIC PAPRIKA, CULTURED ORGANIC MILK, SILICON DIOXIDE (FOR ANTICAKING), ORGANIC ONION, ORGANIC CELERY SEED POWDER, ENZYMES, MIXED TOCOPHEROLS (VITAMIN E) TO PROTECT FLAVOR.",Milk; Wheat,$28.78
Annie's White Cheddar Mac & Cheese - 2.01 oz/12 pack,"BEST INGREDIENTS: ORGANIC WHEAT MACARONI (ORGANIC WHEAT FLOUR), TAPIOCA STARCH, CHEDDAR CHEESE (CULTURED PASTEURIZED MILK, SALT, NON-ANIMAL ENZYMES), NONFAT DRY MILK, CORN STARCH, ORGANIC COCONUT OIL, WHEY, BUTTER, SALT, CULTURED WHOLE MILK, POTASSIUM CHLORIDE, SUNFLOWER LECITHIN, SODIUM PHOSPHATE, SILICON DIOXIDE FOR ANTICAKING.",Milk; Tree Nuts; Wheat,$25.19
Rice Krispies Treats Original Squares - 1.3 oz/20 pack,"TOASTED RICE CEREAL (RICE, SUGAR, SALT, MALT FLAVORING, NIACINAMIDE, REDUCED IRON, RIBOFLAVIN [VITAMIN B2], FOLIC ACID), MARSHMALLOW (CORN SYRUP, SUGAR, GELATIN, NATURAL AND ARTIFICIAL FLAVOR), FRUCTOSE, MARGARINE (VEGETABLE OIL [SOYBEAN AND PALM OIL WITH TBHQ FOR FRESHNESS], WATER, NATURAL AND ARTIFICIAL BUTTER FLAVOR [CONTAINS MILK], DATEM, ACETYLATED MONOGLYCERIDES, BHT FOR FRESHNESS, VITAMIN A PALMITATE, VITAMIN D), CORN SYRUP SOLIDS, CONTAINS TWO PERCENT OR LESS OF DEXTROSE, GLYCERIN, SALT, NIACINAMIDE, PYRIDOXINE HYDROCHLORIDE (VITAMIN B6), THIAMIN HYDROCHLORIDE (VITAMIN B1), RIBOFLAVIN (VITAMIN B2), SOY LECITHIN.",Milk; Soy/Soybeans,$15.97
Belvita Breakfast Biscuit Cranberry Orange - 1.76 oz/5 pack,"WHOLE GRAIN BLEND (ROLLED OATS, RYE FLAKES), ENRICHED FLOUR [WHEAT FLOUR, NIACIN, REDUCED IRON, THIAMIN MONONITRATE (VITAMIN B1), RIBOFLAVIN (VITAMIN B2), FOLIC ACID], SUGAR, CANOLA OIL, WHOLE GRAIN WHEAT FLOUR, DRIED CRANBERRIES, INVERT SUGAR, MALT SYRUP (FROM CORN AND BARLEY), BAKING SODA, SALT, DRIED ORANGE PEEL, SOY LECITHIN, NATURAL FLAVOR, DISODIUM PYROPHOSPHATE, DATEM, FERRIC ORTHOPHOSPHATE (IRON), NIACINAMIDE, PYRIDOXINE HYDROCHLORIDE (VITAMIN B6), RIBOFLAVIN (VITAMIN B2), THIAMIN MONONITRATE (VITAMIN B1).",Wheat; Soy/Soybeans,$4.74
Belvita Breakfast Biscuit Blueberry - 1.76 oz/8 pack,"WHOLE GRAIN BLEND (ROLLED OATS, RYE FLAKES), ENRICHED FLOUR [WHEAT FLOUR, NIACIN, REDUCED IRON, THIAMIN MONONITRATE (VITAMIN B1), RIBOFLAVIN (VITAMIN B2), FOLIC ACID], CANOLA OIL, SUGAR, WHOLE GRAIN WHEAT FLOUR, EVAPORATED CANE SUGAR, DRIED BLUEBERRIES, MALT SYRUP (FROM CORN AND BARLEY), INVERT SUGAR, BAKING SODA, SALT, SOY LECITHIN, DISODIUM PYROPHOSPHATE, NATURAL FLAVOR, DATEM, BLUEBERRY JUICE CONCENTRATE, FERRIC ORTHOPHOSPHATE (IRON), NIACINAMIDE, PYRIDOXINE HYDROCHLORIDE (VITAMIN B6), RIBOFLAVIN (VITAMIN B2), THIAMIN MONONITRATE (VITAMIN B1).",Wheat; Soy/Soybeans,$8.90
Keelber Toast & Peanut Butter Sandwich Crackers - 1.8 oz/12 pack,"ENRICHED FLOUR (WHEAT FLOUR, NIACIN, REDUCED IRON, THIAMIN MONONITRATE [VITAMIN B1], RIBOFLAVIN [VITAMIN B2], FOLIC ACID), PEANUT BUTTER (ROASTED PEANUTS), SOYBEAN OIL WITH TBHQ FOR FRESHNESS, SUGAR, HIGH FRUCTOSE CORN SYRUP, DEXTROSE, CONTAINS TWO PERCENT OR LESS OF SALT, MALTED BARLEY FLOUR, LEAVENING (BAKING SODA, MONOCALCIUM PHOSPHATE, SODIUM ACID PYROPHOSPHATE), SOY LECITHIN, CORNSTARCH, YELLOW #6, CHEDDAR CHEESE (PASTEURIZED MILK, CHEESE CULTURES, SALT, ENZYMES), WHEY, BUTTERMILK, DISODIUM PHOSPHATE, RED PEPPER.",Milk; Wheat; Peanuts/ Peanut Oil; Soy/Soybeans,$8.07
Keebler Cheese & Peanut Butter Sandwich Crackers  - 1.8 oz/12 pack,"ENRICHED FLOUR (WHEAT FLOUR, NIACIN, REDUCED IRON, THIAMIN MONONITRATE [VITAMIN B1], RIBOFLAVIN [VITAMIN B2], FOLIC ACID), PEANUT BUTTER (ROASTED PEANUTS), SOYBEAN OIL WITH TBHQ FOR FRESHNESS, SUGAR, DEXTROSE, SALT, CONTAINS TWO PERCENT OR LESS OF LEAVENING (BAKING SODA, SODIUM ACID PYROPHOSPHATE, MONOCALCIUM PHOSPHATE), CHEDDAR CHEESE (MILK, CHEESE CULTURES, SALT, ENZYMES), YELLOW #6, CORNSTARCH, WHEY, RED PEPPER, BUTTERMILK, DISODIUM PHOSPHATE, SOY LECITHIN.",Milk; Wheat; Peanuts/ Peanut Oil; Soy/Soybeans,$8.07
Pop-Tarts Frosted Brown Sugar Cinnamon - 3.5 oz/6 pack,"ENRICHED FLOUR (WHEAT FLOUR, NIACIN, REDUCED IRON, VITAMIN B1 [THIAMIN MONONITRATE], VITAMIN B2 [RIBOFLAVIN], FOLIC ACID), SUGAR, SOYBEAN AND PALM OIL (WITH TBHQ FOR FRESHNESS), CORN SYRUP, DEXTROSE, HIGH FRUCTOSE CORN SYRUP, CRACKER MEAL, CONTAINS TWO PERCENT OR LESS OF MOLASSES, SALT, CALCIUM CARBONATE, LEAVENING (BAKING SODA, SODIUM ACID PYROPHOSPHATE, MONOCALCIUM PHOSPHATE), CINNAMON, WHEAT STARCH, GELATIN, CARAMEL COLOR, SOY LECITHIN, VITAMIN A PALMITATE, NIACINAMIDE, REDUCED IRON, VITAMIN B6 (PYRIDOXINE HYDROCHLORIDE), VITAMIN B2 (RIBOFLAVIN), VITAMIN B1 (THIAMIN HYDROCHLORIDE).",Wheat; Soy/Soybeans,$5.64
Pop-Tarts Frosted Blueberry - 3.6 oz/6 pack,"ENRICHED FLOUR (WHEAT FLOUR, NIACIN, REDUCED IRON, VITAMIN B1 [THIAMIN MONONITRATE], VITAMIN B2 [RIBOFLAVIN], FOLIC ACID), CORN SYRUP, HIGH FRUCTOSE CORN SYRUP, DEXTROSE, SOYBEAN AND PALM OIL (WITH TBHQ FOR FRESHNESS), SUGAR, BLEACHED WHEAT FLOUR, CONTAINS TWO PERCENT OR LESS OF WHEAT STARCH, SALT, DRIED BLUEBERRIES, DRIED GRAPES, DRIED APPLES, LEAVENING (BAKING SODA, SODIUM ACID PYROPHOSPHATE, MONOCALCIUM PHOSPHATE), CITRIC ACID, MODIFIED WHEAT STARCH, GELATIN, YELLOW CORN FLOUR, PALM OIL, XANTHAN GUM, SOY LECITHIN, CARAMEL COLOR, CORNSTARCH, TURMERIC EXTRACT COLOR, RED 40, VITAMIN A PALMITATE, NIACINAMIDE, REDUCED IRON, NATURAL AND ARTIFICIAL FLAVORS, BLUE 2, BLUE 1, VITAMIN B6 (PYRIDOXINE HYDROCHLORIDE), VITAMIN B2 (RIBOFLAVIN), VITAMIN B1 (THIAMIN HYDROCHLORIDE), COLOR ADDED.",Wheat; Soy/Soybeans,$5.64
Pop-Tarts Frosted S'mores - 3.6 oz/6 pack,"ENRICHED FLOUR (WHEAT FLOUR, NIACIN, REDUCED IRON, VITAMIN B1 [THIAMIN MONONITRATE], VITAMIN B2 [RIBOFLAVIN], FOLIC ACID), SUGAR, DEXTROSE, SOYBEAN AND PALM OIL (WITH TBHQ FOR FRESHNESS), HIGH FRUCTOSE CORN SYRUP, CORN SYRUP, WHOLE WHEAT FLOUR, BLEACHED WHEAT FLOUR, WHEY, CONTAINS TWO PERCENT OR LESS OF MOLASSES, COCOA (PROCESSED WITH ALKALI), CORNSTARCH, LEAVENING (BAKING SODA, SODIUM ALUMINUM PHOSPHATE), MILK CHOCOLATE (SUGAR, MILK, COCOA BUTTER, CHOCOLATE), CALCIUM CARBONATE, SALT, MODIFIED CORN STARCH, NATURAL AND ARTIFICIAL FLAVOR, SOY LECITHIN, EGG WHITES, GELATIN, COLOR ADDED, XANTHAN GUM, NIACINAMIDE, REDUCED IRON, VITAMIN A PALMITATE, VITAMIN B6 (PYRIDOXINE HYDROCHLORIDE), VITAMIN B1 (THIAMIN HYDROCHLORIDE), VITAMIN B2 (RIBOFLAVIN).",Milk; Wheat; Egg; Soy/Soybeans,$5.64
Brownie Brittle Chocolate Chip - 5 oz/12 pack,"ENRICHED WHEAT FLOUR BLEACHED (FLOUR, NIACIN, IRON, THIAMINE MONONITRATE, RIBOFLAVIN, FOLIC ACID), POWDERED SUGAR, SUGAR, PALM KERNEL, PALM OIL, COCOA PROCESSED WITH ALKALI, CORN SYRUP SOLIDS, SOYBEAN OIL, DRY EGG WHITES, CORN STARCH, SALT, DEXTROSE, LEAVENING (BAKING SODA), SOY LECITHIN, NATURAL FLAVOR, NONFAT DRY MILK.",Milk; Wheat; Egg; Soy/Soybeans,$34.25
Brownie Brittle Salted Caramel - 2.75 oz/8 pack,"ENRICHED WHEAT FLOUR BLEACHED (FLOUR, NIACIN, IRON, THIAMINE MONONITRATE, RIBOFLAVIN, FOLIC ACID), POWDERED SUGAR, SUGAR, PALM KERNEL, PALM OIL, COCOA PROCESSED WITH ALKALI, CORN SYRUP SOLIDS, SOYBEAN OIL, DRY EGG WHITES, CORN STARCH, SALT, DEXTROSE, LEAVENING (BAKING SODA), SOY LECITHIN, NATURAL FLAVOR, NONFAT DRY MILK, WHOLE MILK SOLIDS, PAPRIKA EXTRACT.",Milk; Wheat; Egg; Soy/Soybeans,$15.80
Ritz Cracker Sandwiches Peanut Butter - 1.38 oz/8 pack,"UNBLEACHED ENRICHED FLOUR (WHEAT FLOUR, NIACIN, REDUCED IRON, THIAMINE MONONITRATE {VITAMIN B1}, RIBOFLAVIN {VITAMIN B2}, FOLIC ACID), ROASTED PEANUTS, CANOLA OIL, SUGAR, DEXTROSE, WHEAT STARCH, PALM OIL, SALT, HIGH FRUCTOSE CORN SYRUP, LEAVENING (CALCIUM PHOSPHATE AND/OR BAKING SODA), SOY LECITHIN, CORNSTARCH.",Wheat; Peanuts/ Peanut Oil; Soy/Soybeans,$4.40
Ritz Cracker Sandwiches Cheese - 1.35 oz/8 pack,"UNBLEACHED ENRICHED FLOUR (WHEAT FLOUR, NIACIN, REDUCED IRON, THIAMINE MONONITRATE {VITAMIN B1}, RIBOFLAVIN {VITAMIN B2}, FOLIC ACID), CANOLA OIL, PALM OIL, WHEY, WHEAT STARCH, SUGAR, SEMISOFT CHEESE POWDER (PASTEURIZED MILK, CHEESE CULTURE, SALT, ENZYMES), HIGH FRUCTOSE CORN SYRUP, SALT, BUTTERMILK SOLIDS, LEAVENING (CALCIUM PHOSPHATE AND/OR BAKING SODA), SODIUM PHOSPHATE, SOY LECITHIN, BUTTER, ENZYME-MODIFIED BUTTEROIL, CALCIUM PHOSPHATE, LACTIC ACID, YELLOW 5, YELLOW 6, VEGETABLE COLOR (ANNATTO EXTRACT AND TURMERIC).",Milk; Wheat; Soy/Soybeans,$4.40
Oreo Original - 5.25 oz/12 pack,"UNBLEACHED ENRICHED FLOUR (WHEAT FLOUR, NIACIN, REDUCED IRON, THIAMINE MONONITRATE {VITAMIN B1}, RIBOFLAVIN {VITAMIN B2}, FOLIC ACID), SUGAR, PALM AND/OR CANOLA OIL, COCOA (PROCESSED WITH ALKALI), HIGH FRUCTOSE CORN SYRUP, LEAVENING (BAKING SODA AND/OR CALCIUM PHOSPHATE), SALT, SOY LECITHIN, CHOCOLATE, ARTIFICIAL FLAVOR.",Wheat; Soy/Soybeans,$29.10
Oreo Double Stuff King Size 10 count - 4.1 oz/10 pack,"SUGAR, UNBLEACHED ENRICHED FLOUR (WHEAT FLOUR, NIACIN, REDUCED IRON, THIAMINE MONONITRATE {VITAMIN B1}, RIBOFLAVIN {VITAMIN B2}, FOLIC ACID), PALM AND/OR CANOLA OIL, COCOA (PROCESSED WITH ALKALI), HIGH FRUCTOSE CORN SYRUP, LEAVENING (BAKING SODA AND/OR CALCIUM PHOSPHATE), SALT, SOY LECITHIN, CHOCOLATE, ARTIFICIAL FLAVOR.",Wheat; Soy/Soybeans,$16.38
Oreo Original King Size 10 count - 4 oz/10 pack,"UNBLEACHED ENRICHED FLOUR (WHEAT FLOUR, NIACIN, REDUCED IRON, THIAMINE MONONITRATE {VITAMIN B1}, RIBOFLAVIN {VITAMIN B2}, FOLIC ACID), SUGAR, PALM AND/OR CANOLA OIL, COCOA (PROCESSED WITH ALKALI), HIGH FRUCTOSE CORN SYRUP, LEAVENING (BAKING SODA AND/OR CALCIUM PHOSPHATE), SALT, SOY LECITHIN, CHOCOLATE, ARTIFICIAL FLAVOR.",Wheat; Soy/Soybeans,$16.38
Cheez-It Grooves Zesty Cheddar Ranch,"ENRICHED FLOUR (WHEAT FLOUR, NIACIN, REDUCED IRON, VITAMIN B1 [THIAMIN MONONITRATE], VITAMIN B2 [RIBOFLAVIN], FOLIC ACID), RICE FLOUR, SOYBEAN OIL (WITH TBHQ FOR FRESHNESS), WHITE CHEDDAR CHEESE (MILK, CHEESE CULTURES, SALT, ENZYMES). CONTAINS 2% OR LESS OF SALT, WHEAT FLOUR, SOY LECITHIN, PAPRIKA COLOR, LEAVENING (BAKING SODA, SODIUM ACID PYROPHOSPHATE, MONOCALCIUM PHOSPHATE), ONION POWDER, WHEY, MONOSODIUM GLUTAMATE, SUGAR, AUTOLYZED YEAST EXTRACT, DEXTROSE, GARLIC POWDER, BUTTERMILK, SODIUM DIACETATE, SPICES, CHEDDAR CHEESE (MILK, CHEESE CULTURES, SALT, ENZYMES), TOMATO POWDER, ACETIC ACID, LACTIC ACID, CITRIC ACID, REDUCED LACTOSE WHEY, GROUND CELERY SEED, RED PEPPER, BLUE CHEESE (MILK, CHEESE CULTURES, SALT, ENZYMES), DISODIUM INOSINATE, DISODIUM GUANYLATE, YELLOW 5, YELLOW 6, NATURAL FLAVOR.",Milk; Wheat; Soy/Soybeans,$11.86
Cheez-It Duoz Sharp Cheddar/Parmesan - 4.3 oz/6 pack,"ENRICHED FLOUR (WHEAT FLOUR, NIACIN, REDUCED IRON, VITAMIN B1 [THIAMIN MONONITRATE], VITAMIN B2 [RIBOFLAVIN], FOLIC ACID), SOYBEAN AND PALM OIL WITH TBHQ FOR FRESHNESS, CHEESE MADE WITH SKIM MILK (SKIM MILK, WHEY PROTEIN, CHEESE CULTURES, SALT, ENZYMES, ANNATTO COLOR), WHITE CHEDDAR CHEESE (MILK, CHEESE CULTURES, SALT, ENZYMES), CONTAINS TWO PERCENT OR LESS OF SALT, WHEY, BUTTERMILK, PAPRIKA, CHEDDAR AND MONTEREY JACK CHEESE (MILK, CHEESE CULTURES, SALT, ENZYMES), MONOSODIUM GLUTAMATE, PARMESAN CHEESE (PART-SKIM MILK, CHEESE CULTURES, SALT, ENZYMES), CULTURED NONFAT MILK, LEAVENING (YEAST, BAKING SODA), GARLIC, TOMATO, SUGAR, NATURAL AND ARTIFICIAL FLAVORS, ONION, CORN SYRUP SOLIDS, SPICES, MALIC ACID, ANNATTO COLOR, SODIUM CASEINATE, AUTOLYZED YEAST EXTRACT, PAPRIKA OLEORESIN, DISODIUM INOSINATE, DISODIUM GUANYLATE, CITRIC ACID, SOIDUM PHOSPHATE, PARSLEY, TURMERIC EXTRACT FOR COLOR, YELLOW #6, YELLOW #5, SODIUM STEAROYL LACTYLATE, POLYSORBATE 80, SOY LECITHIN.",Milk; Wheat; Soy/Soybeans,$11.86
Skinny Dipped Almonds Dark Chocolate Cocoa - 3.5 oz/10 pack,"ALMONDS, DARK CHOCOLATE (UNSWEETENED CHOCOLATE PROCESSED WITH POTASSIUM CARBONATE, SUGAR, COCOA BUTTER, MILK FAT (BUTTER), SUNFLOWER LECITHIN, SOY LECITHIN, PURE VANILLA), ORGANIC MAPLE SUGAR, SEA SALT, COCOA POWDER.",Dairy; Tree Nuts; Soy/Soybeans,$42.38
Nut Harvest Deluxe Mixed Nuts - 2.25 oz/8 pack,"ALMONDS, CASHEWS, PECANS, PISTACHIOS, HAZELNUTS, VEGETABLE OIL (PEANUT, SOYBEAN, SUNFLOWER, AND/OR COTTONSEED OIL), AND SALT.",Tree Nuts,$17.33
David Jumbo Sunflower Seeds Ranch - 5.25 oz/12 pack,,,$22.31
David Jumbo Sunflower Seeds Bar-B-Q - 5.25 oz/12 pack,"SUNFLOWER SEEDS, SALT, HIGH OLEIC CANOLA OIL, LESS THAN 2% OF: SUGAR, TOMATO POWDER, SPICE, YEAST EXTRACT, ONION POWDER, MOLASSES POWDER (MOLASSES, MALTODEXTRIN), GARLIC POWDER, PAPRIKA, CITRIC ACID, NATURAL FLAVOR INCLUDING SMOKE, PAPRIKA EXTRACTIVES (COLOR).",,$21.50
Second Nature Wholesom Medley - 2.25 oz/12 pack,"PEANUTS (PEANUTS, PEANUT AND/OR SUNFLOWER OIL, SALT). DRIED CRANBERRIES (CRANBERRIES, SUGAR, SUNFLOWER OIL). DARK CHOCOLATE CHUNKS (SUGAR, CHOCOLATE LIQUOR, COCOA BUTTER, SOY LECITHIN, SALT AND VANILLA). ALMONDS (ALMONDS, PEANUT AND/OR SUNFLOWER OIL). CASHEWS (CASHEWS, PEANUT AND/OR SUNFLOWER OIL, SALT). DRIED CHERRIES (TART CHERRIES, SUGAR, SUNFLOWER OIL).",Milk; Tree Nuts; Peanuts/ Peanut Oil; Soy/Soybeans,$20.40
Second Nature Premium Duet - 2 oz/12 pack,"ALMONDS AND CASHEWS (ALMONDS AND CASHEWS, PEANUT AND/OR SUNFLOWER OIL, SALT).",Tree Nuts; Peanuts/ Peanut Oil,$20.40
Second Nature Simplicity Medley - 2.25 oz/12 pack,"ALMONDS, DRIED CRANBERRIES (CRANBERRIES, SUGAR, SUNFLOWER OIL), SUNFLOWER KERNELS (SUNFLOWER KERNELS, PEANUT AND/OR SUNFLOWER OIL), CASHEWS, DRIED BLUEBERRIES (BLUEBERRIES, SUGAR, SUNFLOWER OIL).",Tree Nuts; Peanuts/ Peanut Oil,$20.40
Peeled Snacks Gently Dried Fruit Paradise Blend - 3.5 oz/12 pack,"ORGANIC BANANAS, ORGANIC MANGOS, ORGANIC PINEAPPLES.",,$39.75
Planters Salted Peanuts - 6 oz/12 pack,,,$19.20
Planters Honey Roasted Peanuts - 6 oz/12 pack,,,$19.20
Planters Nuts & Chocolate Trail Mix - 1.7 oz/18 pack,,,$17.10
Planters Salted Cashews - 3 oz/12 pack,,,$23.55
Planters Salted Peanuts - 2.5 oz/15 pack,,,$10.88
Planters Salted Cashews - 2 oz/15 pack,,,$23.06
Wonderful Roasted & Salted Pistachios 100 Calories In Shell - 1.25 oz/12 pack,"PISTACHIOS, SEA SALT.",,$11.71
Wonderful Roasted & Salted Pistachios In Shell - 5 oz/8 pack,"PISTACHIOS, SEA SALT.",,$24.43
Kar's Sweet 'N Salty Mix - 16 oz/6 pack,"PEANUTS (PEANUTS, PEANUT AND/OR SUNFLOWER OIL, SALT), RAISINS, COCOA CANDIES (CONFECTIONARY COATING [SUGAR, HYDROGENATED PALM KERNEL OIL, COCOA POWDER, WHEY POWDER, NONFAT MILK POWDER, SOY LECITHIN (AN EMULSIFIER), VANILLA], SUGAR, LESS THAN 1% OF ARTIFICIAL COLORING [INCLUDES YELLOW 6 LAKE, YELLOW 6, YELLOW 5 LAKE, BLUE 1 LAKE, RED 40 LAKE, BLUE 2 LAKE], GUM ACACIA, CORN SYRUP, CONFECTIONER'S GLAZE), SUNFLOWER KERNELS (SUNFLOWER KERNELS, PEANUT AND/OR SUNFLOWER OIL, SALT).",Milk; Tree Nuts; Peanuts/ Peanut Oil; Soy/Soybeans,$28.13
Bigs Hidden Valley Ranch Sunflower Seeds - 5.35 oz/12 pack,"SUNFLOWER SEEDS, SALT. CONTAINS 2% OR LESS OF WHEY, MALTODEXTRIN, CULTURED BUTTERMILK, MONOSODIUM GLUTAMATE, SUNFLOWER OIL, DRIED ONION, CORN SYRUP SOLIDS, HIDDEN VALLEY? RANCH (SALT, MONOSODIUM GLUTAMATE, DRIED GARLIC, MODIFIED FOOD STARCH, SPICES, DEHYDRATED ONION, MALTODEXTRIN, NATURAL FLAVORS, GUAR GUM, CALCIUM STEARATE), SOUR CREAM (CULTURED CREAM, NONFAT MILK), CITRIC ACID, DRIED GARLIC, XANTHAN GUM, NATURAL FLAVORS, DISODIUM GUANYLATE, MODIFIED FOOD STARCH, MALIC ACID, SODIUM DIACETATE, LACTIC ACID.",Milk; Soy/Soybeans,$26.81
Bigs RedHot Buffalo Wing Sunflower Seeds - 5.35 oz/12 pack,"SUNFLOWER SEEDS, SALT. CONTAINS 2% OR LESS OF MALTODEXTRIN, SODIUM DIACETATE, CAYENNE PEPPER SAUCE (AGED CAYENNE RED PEPPERS, DISTILLED VINEGAR, SALT, GARLIC POWDER, MALTODEXTRIN, NATURAL FLAVOR), SPICES, NATURAL FLAVORS, SUNFLOWER OIL, SOUR CREAM (CULTURED CREAM, NONFAT MILK), CULTURED BUTTERMILK, XANTHAN GUM, EXTRACTIVES OF PAPRIKA.",Milk; Soy/Soybeans,$26.81
Bigs Vlasic Dill Pickle Sunflower Seeds - 5.35 oz/12 pack,"SUNFLOWER SEEDS, SALT, MALTODEXTRIN. CONTAINS 2% OR LESS OF NATURAL FLAVOR, VLASIC? KOSHER DILL PICKLE BRINE, CITRIC ACID, SPICES, XANTHAN GUM, DISODIUM INOSINATE & DISODIUM GUANYLATE, DEHYDRATED GARLIC, DEHYDRATED ONION, SODIUM DIACETATE, MONOSODIUM GLUTAMATE.",Milk; Soy/Soybeans,$26.81
Pringles Original Chips - 5.26 oz/14 pack,"DRIED POTATOES, VEGETABLE OIL (CONTAINS ONE OR MORE OF THE FOLLOWING: CORN OIL, COTTONSEED OIL, SOYBEAN OIL, AND/OR SUNFLOWER OIL), DEGERMINATED YELLOW CORN FLOUR, CORNSTARCH, RICE FLOUR, MALTODEXTRIN, MONO- AND DIGLYCERIDES, SALT, WHEAT STARCH.",Wheat,$38.48
Pringles Cheddar Cheese Chips - 5.57 oz/14 pack,"DRIED POTATOES, VEGETABLE OIL (CONTAINS ONE OR MORE OF THE FOLLOWING: CORN OIL, COTTONSEED OIL, SOYBEAN OIL, AND/OR SUNFLOWER OIL), DEGERMINATED YELLOW CORN FLOUR, CORNSTARCH, RICE FLOUR, MALTODEXTRIN, MONO- AND DIGLYCERIDES, CONTAINS 2% OR LESS OF SALT, DEXTROSE, COCONUT OIL, WHEY, MONOSODIUM GLUTAMATE, ONION POWDER, SUGAR, CHEDDAR CHEESE (MILK, SALT, CULTURES, ENZYMES), BLUE CHEESE (MILK, SALT, CHEESE CULTURES, ENZYMES), LACTIC ACID, NONFAT MILK, NATURAL AND ARTIFICIAL FLAVORS, CITRIC ACID, BUTTER (CREAM, SALT), SODIUM CASEINATE, YEAST EXTRACT, DISODIUM INOSINATE, DISODIUM GUANYLATE, BUTTERMILK, YELLOW 5, YELLOW 6, YELLOW 5 LAKE, YELLOW 6 LAKE, WHEAT STARCH.",Milk; Wheat,$38.48
Pringles Grab & Go Original Chips - 2.36 oz/12 pack,"DRIED POTATOES, VEGETABLE OIL (CORN, COTTONSEED, HIGH OLEIC SOYBEAN, AND/OR SUNFLOWER OIL, DEGERMINATED YELLOW CORN FLOUR, CORNSTARCH, RICE FLOUR, MALTODEXTRIN, MONO- AND DIGLYCERIDES, SALT, WHEAT STARCH.",Wheat,$16.59
Pringles Grab & Go Sour Cream & Onion Chips - 2.5 oz/12 pack,"DRIED POTATOES, VEGETABLE OIL (CORN, COTTONSEED), HIGH OLEIC SOYBEAN, AND/OR SUNFLOWER OIL), DEGERMINATED YELLOW CORN FLOUR, CORNSTARCH, RICE FLOUR, MALTODEXTRIN, MONO- AND DIGLYCERIDES. CONTAINS 2% OR LESS OF SALT, WHEY, SOUR CREAM (CREAM, NONFAT MILK, CULTURES), MONOSODIUM GLUTAMATE, ONION POWDER, COCONUT OIL, DEXTROSE, SUGAR, NATURAL FLAVORS, NONFAT MILK, CITRIC ACID, SODIUM CASEINATE, LACTIC ACID, YEAST EXTRACT, DISODIUM INOSINATE, DISODIUM GUANYLATE, BUTTERMILK, MALIC ACID, INVERT SUGAR, CULTURED NONFAT MILK, CREAM, WHEAT STARCH.",Milk; Wheat,$16.59
Pringles Grab & Go Cheddar Cheese Chips - 2.5 oz/12 pack,"DRIED POTATOES, VEGETABLE OIL (CORN, COTTONSEED, HIGH OLEIC SOYBEAN, AND/OR SUNFLOWER OIL), DEGERMINATED YELLOW CORN FLOUR, CORNSTARCH, RICE FLOUR, MALTODEXTRIN, MONO-AND DIGLYCERIDES. CONTAINS 2% OR LESS OF SALT, WHEY, MONOSODIUM GLUTAMATE, CHEDDAR CHEESE (MILK, SALT, CHEESE CULTURES, ENZYMES), BLUE CHEESE (MILK, SALT, CHEESE CULTURES, ENZYMES), ONION POWDER, SUGAR, LACTIC ACID, NONFAT MILK, NATURAL AND ARTIFICIAL FLAVORS, CITRIC ACID, BUTTER (CREAM, SALT), COCONUT OIL, YEAST EXTRACT, DISODIUM INOSINATE, DISODIUM GUANYLATE, BUTTERMILK, YELLOW 5, YELLOW 6, YELLOW 5 LAKE, YELLOW 6 LAKE, WHEAT STARCH.",Milk; Wheat,$16.59
Pringles Grab & Go Barbeque Chips - 2.5 oz/12 pack,"DRIED POTATOES, VEGETABLE OIL (CORN, COTTONSEED, HIGH OLEIC SOYBEAN, AND/OR SUNFLOWER OIL), DEGERMINATED YELLOW CORN FLOUR, CORNSTARCH, RICE FLOUR, MALTODEXTRIN, SUGAR, MONO- AND DIGLYCERIDES. CONTAINS 2% OR LESS OF SALT, TOMATO POWDER, MONOSODIUM GLUTAMATE, CITRIC ACID, ONION POWDER, SPICE, GARLIC POWDER, YEAST EXTRACT, HYDROLYZED CORN PROTEIN, MALTED BARLEY FLOUR, MALIC ACID, DISODIUM INOSINATE, DISODIUM GUANYLATE, PAPRIKA EXTRACT COLOR, NATURAL FLAVORS, WHEY, WHEAT STARCH.",Milk; Wheat,$16.59
Pretzel Crisps Everything - 7.2 oz/12 pack,"ENRICHED WHEAT FLOUR (FLOUR, NIACIN, REDUCED IRON, THIAMIN MONONITRATE, RIBOFLAVIN, FOLIC ACID), SEASONING (SESAME SEEDS, SALT, POPPY SEEDS, DEHYDRATED ONION, DEHYDRATED GARLIC, CARAWAV SEEDS), SUGAR, MALT SYRUP (TAPIOCA SYRUP, MALT EXTRACT), SODA.",Wheat,$34.35
Pretzel Crisps Buffalo Wing - 7.2 oz/12 pack,"ENRICHED WHEAT FLOUR (FLOUR, NIACIN, REDUCED IRON, THIAMIN MONONITRATE, RIBOFLAVIN, FOLIC ACID), SEASONING (WHEY, MALTODEXTRIN, SALT, MONOSODIUM GLUTAMATE, SODIUM DIACETATE, DEXTROSE, CAYENNE PEPPER SAUCE [CAYENNE PEPPERS, VINEGAR, SALT, GARLIC], MODIFIED CORN STARCH, VINEGAR, SPICE, CITRIC ACID, PAPRIKA EXTRACT [COLOR], SPICE EXTRACT, DISODIUM INOSINATE, DISODIUM GUANYLATE, SUNFLOWER OIL, AND LESS THAN 2% SILICON DIOXIDE [ANTI-CAKING AGENT]), SOYBEAN OIL, SUGAR, SALT, MALT SYRUP (TAPIOCA SYRUP, MALT EXTRACT), SODA.",Milk; Wheat,$34.35
Pretzel Crisps Original - 3 oz/8 pack,"ENRICHED WHEAT FLOUR (FLOUR, NIACIN, REDUCED IRON, THIAMIN MONONITRATE, RIBOFLAVIN, FOLIC ACID), SUGAR, SALT, MALT SYRUP (TAPIOCA SYRUP, MALT EXTRACT), SODA.",Wheat,$10.60
Flipz Milk Chocolate Covered Pretzels - 5 oz/12 pack,"MILK CHOCOLATE (SUGAR, COCOA BUTTER, CHOCOLATE LIQUOR, NONFAT DRY MILK, MILKFAT, LACTOSE, SOY LECITHIN [AN EMULSI- FIER], VANILLIN [ARTIFICIAL FLAVOR], SALT), ENRICHED FLOUR (WHEAT FLOUR, NIACIN, REDUCED IRON, THIAMINE MONONITRATE, RIBOFLAVIN FOLIC ACID), CORN SYRUP, SOY LECITHIN, SALT, YEAST BARLEY MALT (BARLEY, WHEAT FLOUR, DEXTROSE), SODIUM BICARBONATE.",,$33.75
Paqui Tortilla Chips Haunted Ghost Pepper - 2 oz/6 pack,"GROUND CORN, EXPELLER-PRESSED CANOLA OIL, SALT, GHOST PEPPER, POTATO STARCH, CAYENNE PEPPER, CHIPOTLE PEPPER POWDER, CANE SUGAR, NATURAL FLAVOR, YEAST EXTRACT, ONION POWDER, CITRIC ACID, GARLIC POWDER, CHILI POWDER",,$9.88
Skinny Pop Popcorn White Cheddar - 4.4 oz/12 pack,"POPCORN, SUNFLOWER OIL, NATURAL NON-DAIRY CHEDDAR FLAVOR, SALT, RICE FLOUR, NATURAL FLAVOR AND LACTIC ACID",,$46.48
Harvest Snaps Green Pea Snack Crisps Caesar - 3.3 oz/12 pack,"GREEN PEAS, CANOLA OIL, RICE, CAESAR SEASONING (SUGAR, PARMESAN CHEESE [PASTEURIZED MILK, CHEESE CULTURES, SALT, ENZYMES], SALT, MALTODEXTRIN, SWEET CREAM SOLIDS, ROMANO CHEESE [PASTEURIZED PART SKIM COW'S MILK, CULTURES, ENZYMES, SALT], BLUE CHEESE SOLIDS [MILK, SALT, CULTURES, ENZYMES, MODIFIED ROMANO CHEESE [PASTEURIZED COW'S MILK, CULTURES, SALT, ENZYMES], WHITE DISTILLED VINEGAR POWDER, NATURAL PARMESAN CHEESE FLAVOR [PASTEURIZED MILK, CULTURES, SALT, ENZYMES], MUSTARD, WHEY, UNSALTED BUTTER [PASTEURIZED CREAM, NATURAL FLAVOR]), CALCIUM CARBONATE, AND VITAMIN C (ASCORBYL PALMINATE).",Milk,$22.05
Combos Cheddar Cheese Pretzel - 1.8 oz/18 pack,"WHEAT FLOUR, VEGETABLE OIL (PALM KERNEL OIL, PALM OIL, AND/OR HYDROGENATED PALM OIL), WHEY, MALTODEXTRIN, FOOD STARCH-MODIFIED, SALT, LESS THAN 1.5% - CHEESE BLEND (BAKERS & CHEDDAR, PARMESAN, ROMANO [MILK, CULTURES, SALT, ENZYMES, ANNATTO COLOR]), CORN FLOUR, LEAVENING (BAKING SODA, SODIUM ACID PYROPHOSPHATE), DEXTROSE, SOY LECITHIN, YEAST EXTRACT, NATURAL FLAVOR, SKIM MILK, HYDROLYZED WHEAT GLUTEN, COLORING (YELLOW 5 LAKE, YELLOW 6 LAKE, BLUE 1 LAKE), LACTIC ACID, CITRIC ACID, LACTOSE, SODIUM CASEINATE.",Milk; Wheat; Soy/Soybeans,$13.50
AirHeads Bites Fruit - 6 oz/12 pack,"SUGAR, GLUCOSE SYRUP, MALTODEXTRIN, DEXTROSE, HYDROGENATED COCONUT OIL, CONTAINS LESS THAN 2% OF: CITRIC ACID, MODIFIED CORN STARCH, SORBITOL, GLYCEROL, ARTIFICIAL FLAVORS, CARNAUBA WAX, RICE STARCH, BEESWAX, SHELLAC, GELLAN GUM, SUCROSE FATTY ACID ESTERS, ARTIFICIAL COLORS, RED 40, YELLOW 6, BLUE 1, YELLOW 5.",,$23.55
Albanese 12 Flavor Gummi Bears - 7.5 oz/12 pack,"CORN SYRUP (FROM CORN), SUGAR (FROM BEETS), WATER, GELATIN, CITRIC ACID, NATURAL AND ARTIFICIAL FLAVORS, PECTIN (DERIVED FROM FRUITS), VEGETABLE OIL (COCONUT, CANOLA) AND CARNAUBA LEAF WAX (TO PREVENT STICKING), FD&C YELLOW #5, FD&C RED #40, FD&C YELLOW #6, FD&C BLUE #1.",,$25.50
Albanese 12 Flavor Gummi Bears - 9 oz/6 pack,"CORN SYRUP (FROM CORN), SUGAR (FROM BEETS), WATER, GELATIN, CITRIC ACID, NATURAL AND ARTIFICIAL FLAVORS, PECTIN (DERIVED FROM FRUITS), VEGETABLE OIL (COCONUT, CANOLA) AND CARNAUBA LEAF WAX (TO PREVENT STICKING),FD&C YELLOW #5, FD&C RED #40, FD&C YELLOW #6, FD&C BLUE #1.",Milk; Tree Nuts; Wheat; Peanuts/ Peanut Oil; Soy/Soybeans,$17.03
Albanese 12 Flavor Mini Gummi Worms - 9 oz/6 pack,"CORN SYRUP (FROM CORN), SUGAR (FROM BEETS), WATER, GELATIN, CITRIC ACID, NATURAL AND ARTIFICIAL FLAVORS, PECTIN (DERIVED FROM FRUITS), VEGETABLE OIL (COCONUT, CANOLA) AND CARNAUBA LEAF WAX (TO PREVENT STICKING),FD&C YELLOW #5, FD&C RED #40, FD&C YELLOW #6, FD&C BLUE #1.",Milk; Tree Nuts; Wheat; Peanuts/ Peanut Oil; Soy/Soybeans,$17.03
Barnana Dark Chocolate Chewy Banana Bites - 3.5 oz/12 pack,"FAIR TRADE DARK CHOCOLATE* (CACAO BEANS*, DRIED CANE SYRUP*, CACAO BUTTER*, SUNFLOWER LECITHIN*), BANANAS*, TAPIOCA MALTODEXTRIN*, NATURAL GLAZE",Milk,$46.35
Barnana Peanut Butter Chewy Banana Bites - 3.5 oz/12 pack,"PEANUT BUTTER COATING* (DRIED CANE SYRUP*, CERTIFIED SUSTAINABLE PALM KERNEL OIL*, SEA SALT, PEANUT FLOUR*, SOY LECITHIN*), BANANAS*, TAPIOCA MALTODEXTRIN*, NATURAL GLAZE",Milk; Peanuts/ Peanut Oil; Soy/Soybeans,$46.35
Brookside Dark Chocolate Pomegranate Pouch - 7 oz/12 pack,"DARK CHOCOLATE [SUGAR, CHOCOLATE, COCOA BUTTER, MILK FAT, COCOA PROCESSED WITH ALKALI, LECITHIN (SOY), MILK, SALT, NATURAL VANILLA FLAVOR], SUGAR, CORN SYRUP, MALTODEXTRIN, DEIONIZED APPLE JUICE CONCENTRATE, POMEGRANATE JUICE CONCENTRATE, APPLE JUICE CONCENTRATE, NATURAL FLAVOR, CRANBERRY JUICE CONCENTRATE, PECTIN, MALIC ACID, CANOLA OIL, BAKING SODA, SODIUM CITRATE, LEMON JUICE CONCENTRATE, ASCORBIC ACID, DEXTROSE, CITRIC ACID, CONFECTIONER'S GLAZE.",,$51.30
Chuao Honeycomb Dark Chocolate Bar - 2.8 oz/12 pack,"PREMIUM 60% DARK CHOCOLATE (CACAO*, CANE SUGAR*, CACAO BUTTER*, SUNFLOWER LECITHIN [AS AN EMULSIFIER], NATURAL VANILLA), HONEYCOMB (ORGANIC CANE SUGAR*, CORN SYRUP, ORGANIC TROPICAL HONEY, WATER, BAKING SODA).",,$44.25
Chuao Potato Chip Milk Chocolate Bar - 2. 8 oz/12 pack,"PREMIUM 41% MILK CHOCOLATE (CANE SUGAR*, CACAO BUTTER*, MILK, CACAO*, SUNFLOWER LECITHIN [AS AN EMULSIFIER], NATURAL VANILLA*), POTATO CHIPS (POTATOES, VEGETABLE OIL [SUNFLOWER, CORN AND/OR CANOLA OIL]), SEA SALT.",Milk,$44.25
Claeys Old Fashioned Hard Candies Lemon Drops - 6 oz/24 pack,"SUGAR, CORN SYRUP, CITRIC ACID, NATURAL LEMON FLAVOR, YELLOW 5.",,$27.90
Claeys Old Fashioned Hard Candies Root Beer Drops - 6 oz/24 pack,"SUGAR, CORN SYRUP, ARTIFICIAL FLAVOR, CARAMEL COLOR.",,$27.90
Claeys Old Fashioned Hard Candies Wild Cherry Drops - 6 oz/24 pack,"SUGAR, CORN SYRUP, CITRIC ACID, ARTIFICIAL & NATURAL FLAVOR, RED 40",,$27.90
Duke's Smoked Shorty Sausages Hatch Green Chile - 5 oz/8 pack,"PORK, DICED HATCH GREEN CHILES, SEA SALT, CANE SUGAR, SPICES, NATURAL FLAVOR, YEAST EXTRACT, DRIED GARLIC, VINEGAR, DRIED JALAPENO PEPPER, DRIED GREEN BELL PEPPER, CITRIC ACID.",,$52.06
Duke's Smoked Shorty Sausages Hickory Peach BBQ - 5 oz/8 pack,"PORK, PEACHES, CANE SUGAR, SEA SALT, SPICES, BROWN CANE SUGAR, NATURAL FLAVOR, DRIED TOMATO, VINEGAR, DRIED ONION, YEAST EXTRACT, CITRIC ACID, DRIED GARLIC. MADE WITH BEEF COLLAGEN CASINO (CARAMEL, CARMINE).",,$52.06
Harvest Snaps Green Pea Snack Crisps Caesar - 3.3 oz/12 pack,"GREEN PEAS, CANOLA OIL, RICE, CAESAR SEASONING (SUGAR, PARMESAN CHEESE [PASTEURIZED MILK, CHEESE CULTURES, SALT, ENZYMES], SALT, MALTODEXTRIN, SWEET CREAM SOLIDS, ROMANO CHEESE [PASTEURIZED PART SKIM COW'S MILK, CULTURES, ENZYMES, SALT], BLUE CHEESE SOLIDS [MILK, SALT, CULTURES, ENZYMES, MODIFIED ROMANO CHEESE [PASTEURIZED COW'S MILK, CULTURES, SALT, ENZYMES], WHITE DISTILLED VINEGAR POWDER, NATURAL PARMESAN CHEESE FLAVOR [PASTEURIZED MILK, CULTURES, SALT, ENZYMES], MUSTARD, WHEY, UNSALTED BUTTER [PASTEURIZED CREAM, NATURAL FLAVOR]), CALCIUM CARBONATE, AND VITAMIN C (ASCORBYL PALMINATE).",Milk,$22.05
Jelly Belly 20 Flavor Assortment - 3.5 oz/12 pack,"SUGAR, CORN SYRUP, MODIFIED FOOD STARCH, CONTAINS 2% OR LESS OF THE FOLLOWING: PEACH PUREE CONCENTRATE, BLUEBERRY PUREE, LEMON PUREE, ORANGE PUREE, STRAWBERRY PUREE, WATERMELON JUICE CONCENTRATE, APPLE JUICE CONCENTRATE, CHERRY JUICE CONCENTRATE, LIME JUICE CONCENTRATE, TANGERINE JUICE CONCENTRATE, PEAR JUICE CONCENTRATE, COCONUT, SODIUM CITRATE, SODIUM LACTATE, CITRIC ACID, TAPIOCA DEXTRIN, NATURAL AND ARTIFICIAL FLAVORS, COLOR ADDED, RED 40 LAKE, YELLOW 5 & 6 LAKE, BLUE 1 & 2 LAKE, YELLOW 5 & 6, RED 40, BLUE 1, TURMERIC (COLOR), BEESWAX, CARNAUBA WAX, CONFECTIONER'S GLAZE, SALT.",,$23.70
Jelly Belly Extreme Sport Beans Assorted Flavors - 1 oz/24 pack,"CANE SUGAR, TAPIOCA SYRUP, CONTAINS 2% OR LESS OF THE FOLLOWING: CITRIC ACID, POMEGRANATE JUICE FROM CONCENTRATE, CHERRY JUICE FROM CONCENTRATE, WATERMELON JUICE FROM CONCENTRATE, CITRUS PECTIN, NATURAL FLAVOR, THIAMINE HYDROCHLORIDE (VITAMIN B1), RIBOFLAVIN (VITAMIN B2), NIACINAMIDE (VITAMIN B3), ASCORBIC ACID (VITAMIN C), POTASSIUM CITRATE, SODIUM CITRATE, SODIUM LACTATE, CONFECTIONER'S GLAZE, GRAPE JUICE CONCENTRATE (COLOR), VEGETABLE AND FRUIT JUICE (COLOR), BEESWAX, CARNAUBA WAX, SALT, CAFFEINE.",,$27.00
Jelly Belly Sport Beans Assorted Flavors - 1 oz/24 pack,"CANE SUGAR, TAPIOCA SYRUP, CONTAINS 2% OR LESS OF EACH OF THE FOLLOWING: CITRIC ACID, APPLE JUICE FROM CONCENTRATE, LIME JUICE FROM CONCENTRATE, RASPBERRY JUICE FROM PUREE, CITRUS PECTIN, LEMON JUICE FROM PUREE, ORANGE JUICE FROM PUREE, PEAR JUICE FROM CONCENTRATE, NATURAL FLAVOR, THIAMINE HYDROCHLORIDE (VITAMIN B1), RIBOFLAVIN (VITAMIN B2), NIACINAMIDE (VITAMIN B3), ASCORBIC ACID (VITAMIN C), POTASSIUM CITRATE, SODIUM CITRATE, SODIUM LACTATE, CONFECTIONERS GLAZE, COLOR ADDED, VEGETABLE AND FRUIT JUICE (COLOR), CURCUMIN (COLOR), BEESWAX, CARNAUBA WAX, SALT.",,$27.00
Justin's Dark Chocolate Peanut Butter Cups - 1.4 oz/12 pack,"ORGANIC DARK CHOCOLATE (ORGANIC EVAPORATED CANE SUGAR, ORGANIC CACAO BEANS*, ORGANIC COCOA BUTTER*, ORGANIC SOYA LECITHIN [EMULSIFIER]), ORGANIC PEANUTS, ORGANIC CANE SUGAR, ORGANIC PEANUT FLOUR, ORGANIC PALM OIL**, ORGANIC VANILLA POWDER (ORGANIC VANILLA EXTRACT, ORGANIC VANILLA GROUND, ORGANIC VANILLA ABSOLUTE), SEA SALT, ORGANIC SOY LECITHIN.",Peanuts/ Peanut Oil; Soy/Soybeans,$19.06
Justin's Mini Milk Chocolate Peanut Butter Cups - 4.7 oz/6 pack,"ORGANIC MILK CHOCOLATE (ORGANIC EVAPORATED CANE SUGAR, ORGANIC CACAO BEANS*, ORGANIC FULL CREAM MILK, ORGANIC COCOA BUTTER*, ORGANIC SOYA LECITHIN [EMULSIFIER]), ORGANIC PEANUTS, ORGANIC CANE SUGAR, ORGANIC PALM OIL, ORGANIC PEANUT FLOUR, ORGANIC VANILLA POWDER (ORGANIC VANILLA EXTRACT, ORGANIC VANILLA GROUND), SEA SALT, ORGANIC SOY LECITHIN.",Milk; Peanuts/ Peanut Oil; Soy/Soybeans,$26.51
